pearson_r,pearson_p,spearman_r,spearman_p
0.8453089985532287,0.35883269286189795,0.5,0.6666666666666667
